{"accuracy": [0.2626950442790985, 0.4561702013015747, 0.5506950616836548, 0.6136170029640198, 0.663886547088623, 0.7008794546127319, 0.7293617129325867, 0.7585248351097107, 0.781333327293396, 0.8070921897888184, 0.8281985521316528, 0.8444822430610657, 0.8603120446205139, 0.8758014440536499, 0.8877162933349609, 0.8972482085227966, 0.9057588577270508, 0.9117162823677063, 0.9158014059066772, 0.9167659282684326], "loss": [2.4896135330200195, 1.8110182285308838, 1.5031319856643677, 1.2944189310073853, 1.123792052268982, 0.9996523857116699, 0.8972874283790588, 0.8049361109733582, 0.7173988223075867, 0.6458544731140137, 0.5682650208473206, 0.5144680738449097, 0.45513859391212463, 0.4065546989440918, 0.3672923147678375, 0.33687037229537964, 0.31385278701782227, 0.290897935628891, 0.2808166742324829, 0.2766868770122528], "val_accuracy": [0.16836850345134735, 0.29203540086746216, 0.48967552185058594, 0.41002950072288513, 0.4942137598991394, 0.5516223907470703, 0.6226457953453064, 0.6707510948181152, 0.7113682627677917, 0.7367823719978333, 0.6784660816192627, 0.758338987827301, 0.7783072590827942, 0.7975947260856628, 0.809394121170044, 0.8243703246116638, 0.8427501916885376, 0.8472884297370911, 0.8457000255584717, 0.8441116213798523], "val_loss": [3.255223274230957, 2.6197633743286133, 1.728214979171753, 2.201524496078491, 1.7598706483840942, 1.5509915351867676, 1.2769057750701904, 1.1072230339050293, 0.9577407836914062, 0.898105263710022, 1.0713157653808594, 0.8162139654159546, 0.7397562861442566, 0.6857376098632812, 0.6569911241531372, 0.613239586353302, 0.5397220253944397, 0.5291687846183777, 0.5259604454040527, 0.5276013016700745]}