{"loss": 0.5347685813903809, "compile_metrics": 0.8441116213798523}