{"accuracy": [0.2449929118156433, 0.44363120198249817, 0.5440567135810852, 0.6108936071395874, 0.667914867401123, 0.7039999961853027, 0.7327659726142883, 0.7646524906158447, 0.7841134667396545, 0.8081701993942261, 0.828255295753479, 0.8498156070709229, 0.8634326457977295, 0.87960284948349, 0.8890780210494995, 0.8984397053718567, 0.9087092280387878, 0.9125106334686279, 0.914553165435791, 0.918411374092102], "loss": [2.5411057472229004, 1.858303427696228, 1.5172498226165771, 1.293383002281189, 1.1100753545761108, 1.0011602640151978, 0.8980242013931274, 0.7799311876296997, 0.7169715762138367, 0.6334003210067749, 0.5701495409011841, 0.5055306553840637, 0.45050758123397827, 0.3953212797641754, 0.3661382496356964, 0.336477667093277, 0.3028651475906372, 0.2903899848461151, 0.282901406288147, 0.27329421043395996], "val_accuracy": [0.14840027689933777, 0.3689584732055664, 0.32584524154663086, 0.4631268382072449, 0.519400954246521, 0.6015430092811584, 0.6407987475395203, 0.6802813410758972, 0.7045609354972839, 0.7211254835128784, 0.7796686887741089, 0.7662808895111084, 0.7991831302642822, 0.8016791343688965, 0.8316314816474915, 0.8363966345787048, 0.841842532157898, 0.8511459231376648, 0.8534150123596191, 0.8550034165382385], "val_loss": [3.448518991470337, 2.22273850440979, 2.597663164138794, 1.9653044939041138, 1.659378170967102, 1.336179494857788, 1.2257604598999023, 1.0742238759994507, 0.9983421564102173, 0.9338328242301941, 0.7387607097625732, 0.7703284025192261, 0.6872373819351196, 0.6660335659980774, 0.5710084438323975, 0.556925356388092, 0.5373970866203308, 0.5050948262214661, 0.4938250780105591, 0.4953824281692505]}