{"loss": 0.4931362569332123, "compile_metrics": 0.8559110760688782}